{
  "name": "京东定时任务",
  "desc": "elecV2P 京东定时任务订阅。该订阅仅可用于 elecV2P, 与其他软件并不兼容。相关说明参考: https://github.com/elecV2/elecV2P-dei/tree/master/docs/06-task.md",
  "author": "zero205",
  "date": "2021-05-15 16:16:30",
  "surl": "https://gitee.com/zero205/JD_tencent_scf",
  "list": [
    {
      "name": "京豆变动通知",
      "type": "cron",
      "time": "0 20 * * *",
      "running": true,
      "job": {
        "type": "runjs",
        "target": "https://gitee.com/zero205/JD_tencent_scf/raw/main/jd_bean_change.js"
      }
    },
    {
      "name": "领京豆额外奖励",
      "type": "cron",
      "time": "15 7 * * *",
      "running": true,
      "job": {
        "type": "runjs",
        "target": "https://gitee.com/zero205/JD_tencent_scf/raw/main/jd_bean_home.js"
      }
    },
    {
      "name": "京东签到",
      "type": "cron",
      "time": "0 0 * * *",
      "running": true,
      "job": {
        "type": "runjs",
        "target": "https://ghproxy.com/https://raw.githubusercontent.com/NobyDa/Script/master/JD-DailyBonus/JD_DailyBonus.js"
      }
    },
    {
      "name": "东东超市兑换奖品",
      "type": "cron",
      "time": "0 0 * * *",
      "running": true,
      "job": {
        "type": "runjs",
        "target": "https://gitee.com/zero205/JD_tencent_scf/raw/main/jd_blueCoin.js"
      }
    },
    {
      "name": "口袋书店",
      "type": "cron",
      "time": "2 8,12,18 * * *",
      "running": true,
      "job": {
        "type": "runjs",
        "target": "https://gitee.com/zero205/JD_tencent_scf/raw/main/jd_bookshop.js"
      }
    },
    {
      "name": "京东汽车",
      "type": "cron",
      "time": "15 7 * * *",
      "running": true,
      "job": {
        "type": "runjs",
        "target": "https://gitee.com/zero205/JD_tencent_scf/raw/main/jd_car.js"
      }
    },
    {
      "name": "京东汽车兑换",
      "type": "cron",
      "time": "0 0 * * *",
      "running": true,
      "job": {
        "type": "runjs",
        "target": "https://gitee.com/zero205/JD_tencent_scf/raw/main/jd_car_exchange.js"
      }
    },
    {
      "name": "签到领现金",
      "type": "cron",
      "time": "5 0,6-23/4 * * *",
      "running": true,
      "job": {
        "type": "runjs",
        "target": "https://gitee.com/zero205/JD_tencent_scf/raw/main/jd_cash.js"
      }
    },
    {
      "name": "领现金兑换红包",
      "type": "cron",
      "time": "0,1 0 0 * * 6,7,0,1",
      "running": true,
      "job": {
        "type": "runjs",
        "target": "https://gitee.com/zero205/JD_tencent_scf/raw/main/jd_cash_exchange.js"
      }
    },
    {
      "name": "京喜财富岛",
      "type": "cron",
      "time": "10 8,13,19,22 * * *",
      "running": true,
      "job": {
        "type": "runjs",
        "target": "https://gitee.com/zero205/JD_tencent_scf/raw/main/jd_cfd.js"
      }
    },
    {
      "name": "京喜财富岛提现",
      "type": "cron",
      "time": "0-5/1 0 0 * * *",
      "running": true,
      "job": {
        "type": "runjs",
        "target": "https://gitee.com/zero205/JD_tencent_scf/raw/main/jd_cfdtx.js"
      }
    },
    {
      "name": "摇京豆",
      "type": "cron",
      "time": "6 0 * * *",
      "running": true,
      "job": {
        "type": "runjs",
        "target": "https://gitee.com/zero205/JD_tencent_scf/raw/main/jd_club_lottery.js"
      }
    },
    {
      "name": "疯狂的Joy",
      "type": "cron",
      "time": "6 0 * * *",
      "running": true,
      "job": {
        "type": "runjs",
        "target": "https://gitee.com/zero205/JD_tencent_scf/raw/main/jd_crazy_joy.js"
      }
    },
    {
      "name": "天天提鹅",
      "type": "cron",
      "time": "15 0,7-23 * * *",
      "running": true,
      "job": {
        "type": "runjs",
        "target": "https://gitee.com/zero205/JD_tencent_scf/raw/main/jd_daily_egg.js"
      }
    },
    {
      "name": "京喜工厂",
      "type": "cron",
      "time": "20 0,6-23 * * *",
      "running": true,
      "job": {
        "type": "runjs",
        "target": "https://gitee.com/zero205/JD_tencent_scf/raw/main/jd_dreamFactory.js"
      }
    },
    {
      "name": "东东农场",
      "type": "cron",
      "time": "10 6-18/6 * * *",
      "running": true,
      "job": {
        "type": "runjs",
        "target": "https://gitee.com/zero205/JD_tencent_scf/raw/main/jd_fruit.js"
      }
    },  
    {
      "name": "获取互助码",
      "type": "schedule",
      "time": "0",
      "running": true,
      "job": {
        "type": "runjs",
        "target": "https://gitee.com/zero205/JD_tencent_scf/raw/main/jd_get_share_code.js"
      }
    },   
    {
      "name": "东东工厂",
      "type": "cron",
      "time": "15 0,7-23 * * *",
      "running": true,
      "job": {
        "type": "runjs",
        "target": "https://gitee.com/zero205/JD_tencent_scf/raw/main/jd_jdfactory.js"
      }
    },
    {
      "name": "京东赚赚",
      "type": "cron",
      "time": "15 0,7-23 * * *",
      "running": true,
      "job": {
        "type": "runjs",
        "target": "https://gitee.com/zero205/JD_tencent_scf/raw/main/jd_jdzz.js"
      }
    },
    {
      "name": "领金贴",
      "type": "cron",
      "time": "12 0 * * *",
      "running": true,
      "job": {
        "type": "runjs",
        "target": "https://gitee.com/zero205/JD_tencent_scf/raw/main/jd_jin_tie.js"
      }
    },
    {
      "name": "京东宠汪汪",
      "type": "cron",
      "time": "18 0-23/2 * * *",
      "running": true,
      "job": {
        "type": "runjs",
        "target": "https://gitee.com/zero205/JD_tencent_scf/raw/main/jd_joy.js"
      }
    },
    {
      "name": "京东宠汪汪喂食",
      "type": "cron",
      "time": "15 0,7-23 * * *",
      "running": true,
      "job": {
        "type": "runjs",
        "target": "https://gitee.com/zero205/JD_tencent_scf/raw/main/jd_joy_feedPets.js"
      }
    },
    {
      "name": "宠汪汪积分兑换奖品",
      "type": "cron",
      "time": "0 0-16/8 * * *",
      "running": true,
      "job": {
        "type": "runjs",
        "target": "https://gitee.com/zero205/JD_tencent_scf/raw/main/jd_joy_reward.js"
      }
    },
    {
      "name": "京喜农场",
      "type": "cron",
      "time": "10 9,12,18 * * *",
      "running": true,
      "job": {
        "type": "runjs",
        "target": "https://gitee.com/zero205/JD_tencent_scf/raw/main/jd_jxnc.js"
      }
    },
    {
      "name": "京喜牧场",
      "type": "cron",
      "time": "30 0,6-23/3 * * *",
      "running": true,
      "job": {
        "type": "runjs",
        "target": "https://gitee.com/zero205/JD_tencent_scf/raw/main/jd_jxmc.js"
      }
    },
    {
      "name": "京东快递签到",
      "type": "cron",
      "time": "25 0 * * *",
      "running": true,
      "job": {
        "type": "runjs",
        "target": "https://gitee.com/zero205/JD_tencent_scf/raw/main/jd_kd.js"
      }
    },
    {
      "name": "京东直播",
      "type": "cron",
      "time": "10-20/5 12 * * *",
      "running": true,
      "job": {
        "type": "runjs",
        "target": "https://gitee.com/zero205/JD_tencent_scf/raw/main/jd_live.js"
      }
    },
    {
      "name": "超级直播间红包雨",
      "type": "cron",
      "time": "0,30,31 20-23/1 18 * *",
      "job": {
        "type": "runjs",
        "target": "https://gitee.com/zero205/JD_tencent_scf/raw/main/jd_live_redrain.js"
      }
    },
    {
      "name": "京东抽奖机",
      "type": "cron",
      "time": "2 0 * * *",
      "running": true,
      "job": {
        "type": "runjs",
        "target": "https://gitee.com/zero205/JD_tencent_scf/raw/main/jd_lotteryMachine.js"
      }
    }, 
    {
      "name": "京东摇钱树",
      "type": "cron",
      "time": "35 0-23/2 * * *",
      "running": true,
      "job": {
        "type": "runjs",
        "target": "https://gitee.com/zero205/JD_tencent_scf/raw/main/jd_moneyTree.js"
      }
    },
    {
      "name": "京东秒秒币",
      "type": "cron",
      "time": "12 7 * * *",
      "running": true,
      "job": {
        "type": "runjs",
        "target": "https://gitee.com/zero205/JD_tencent_scf/raw/main/jd_ms.js"
      }
    },
    {
      "name": "点点券",
      "type": "cron",
      "time": "23 0,20 * * *",
      "running": true,
      "job": {
        "type": "runjs",
        "target": "https://gitee.com/zero205/JD_tencent_scf/raw/main/jd_necklace.js"
      }
    },
    {
      "name": "女装盲盒",
      "type": "cron",
      "time": "20 9,23 * * *",
      "running": true,
      "job": {
        "type": "runjs",
        "target": "https://gitee.com/zero205/JD_tencent_scf/raw/main/jd_nzmh.js"
      }
    },
    {
      "name": "东东萌宠",
      "type": "cron",
      "time": "16 6-18/6 * * *",
      "running": true,
      "job": {
        "type": "runjs",
        "target": "https://gitee.com/zero205/JD_tencent_scf/raw/main/jd_pet.js"
      }
    },
    {
      "name": "京东金融养猪猪",
      "type": "cron",
      "time": "12 0,7-23 * * *",
      "running": true,
      "job": {
        "type": "runjs",
        "target": "https://gitee.com/zero205/JD_tencent_scf/raw/main/jd_pigPet.js"
      }
    },
    {
      "name": "种豆得豆",
      "type": "cron",
      "time": "6 7-21/2 * * *",
      "running": true,
      "job": {
        "type": "runjs",
        "target": "https://gitee.com/zero205/JD_tencent_scf/raw/main/jd_plantBean.js"
      }
    },
    {
      "name": "京东排行榜",
      "type": "cron",
      "time": "6 0 * * *",
      "running": true,
      "job": {
        "type": "runjs",
        "target": "https://gitee.com/zero205/JD_tencent_scf/raw/main/jd_rankingList.js"
      }
    },
    {
      "name": "京东全民开红包",
      "type": "cron",
      "time": "30,35 */3 * * *",
      "running": true,
      "job": {
        "type": "runjs",
        "target": "https://gitee.com/zero205/JD_tencent_scf/raw/main/jd_redPacket.js"
      }
    },
    {
      "name": "闪购盲盒",
      "type": "cron",
      "time": "25 8 * * *",
      "running": true,
      "job": {
        "type": "runjs",
        "target": "https://gitee.com/zero205/JD_tencent_scf/raw/main/jd_sgmh.js"
      }
    },
    {
      "name": "进店领豆",
      "type": "cron",
      "time": "10 0 0 * * *",
      "running": true,
      "job": {
        "type": "runjs",
        "target": "https://gitee.com/zero205/JD_tencent_scf/raw/main/jd_shop.js"
      }
    },
    {
      "name": "东东小窝",
      "type": "cron",
      "time": "18 22 * * *",
      "running": true,
      "job": {
        "type": "runjs",
        "target": "https://gitee.com/zero205/JD_tencent_scf/raw/main/jd_small_home.js"
      }
    },
    {
      "name": "京东极速版红包",
      "type": "cron",
      "time": "1 0 * * *",
      "running": true,
      "job": {
        "type": "runjs",
        "target": "https://gitee.com/zero205/JD_tencent_scf/raw/main/jd_speed_redpocke.js"
      }
    },
    {
      "name": "京东极速版",
      "type": "cron",
      "time": "2 7 * * *",
      "running": true,
      "job": {
        "type": "runjs",
        "target": "https://gitee.com/zero205/JD_tencent_scf/raw/main/jd_speed_sign.js"
      }
    },
    {
      "name": "东东超市",
      "type": "cron",
      "time": "18 0,7-23/1 * * *",
      "running": true,
      "job": {
        "type": "runjs",
        "target": "https://gitee.com/zero205/JD_tencent_scf/raw/main/jd_superMarket.js"
      }
    },
    {
      "name": "赚京豆",
      "type": "cron",
      "time": "15 0,7,8-10/1 * * *",
      "running": true,
      "job": {
        "type": "runjs",
        "target": "https://gitee.com/zero205/JD_tencent_scf/raw/main/jd_syj.js"
      }
    },
    {
      "name": "取关京东店铺商品",
      "type": "cron",
      "time": "30 23 * * *",
      "running": true,
      "job": {
        "type": "runjs",
        "target": "https://gitee.com/zero205/JD_tencent_scf/raw/main/jd_unsubscribe.js"
      }
    },
    {
      "name": "京东粉丝互动",
      "type": "cron",
      "time": "30 8 * * *",
      "running": true,
      "job": {
        "type": "runjs",
        "target": "https://gitee.com/zero205/JD_tencent_scf/raw/main/jd_z_fanslove.js"
      }
    },
    {
      "name": "健康社区",
      "type": "cron",
      "time": "30 10-22/3 * * *",
      "running": true,
      "job": {
        "type": "runjs",
        "target": "https://gitee.com/zero205/JD_tencent_scf/raw/main/jd_z_health_community.js"
      }
    },
    {
      "name": "健康社区收取能量",
      "type": "cron",
      "time": "30 0,6-23/1 * * *",
      "running": true,
      "job": {
        "type": "runjs",
        "target": "https://gitee.com/zero205/JD_tencent_scf/raw/main/jd_z_health_energy.js"
      }
    },
    {
      "name": "京小兑",
      "type": "cron",
      "time": "35 8 * * *",
      "running": true,
      "job": {
        "type": "runjs",
        "target": "https://gitee.com/zero205/JD_tencent_scf/raw/main/jd_jxd.js"
      }
    },
    {
      "name": "interCenter渠道店铺签到",
      "type": "cron",
      "time": "0 0 * * *",
      "running": true,
      "job": {
        "type": "runjs",
        "target": "https://gitee.com/zero205/JD_tencent_scf/raw/main/jd_monk_inter_shop_sign.js"
       } 
    },
    {
      "name": "蒙牛有机牧场",
      "type": "cron",
      "time": "1 7-23/2 * * *",
      "running": true,
      "job": {
        "type": "runjs",
        "target": "https://gitee.com/zero205/JD_tencent_scf/raw/main/jd_monk_pasture.js"
       }
    },
    {
      "name": "店铺关注有礼",
      "type": "cron",
      "time": "10 0 * * *",
      "running": true,
      "job": {
        "type": "runjs",
        "target": "https://gitee.com/zero205/JD_tencent_scf/raw/main/jd_monk_shop_follow_sku.js"
       }
    },
    {
      "name": "店铺大转盘",
      "type": "cron",
      "time": "1 8,20 * * *",
      "running": true,
      "job": {
        "type": "runjs",
        "target": "https://gitee.com/zero205/JD_tencent_scf/raw/main/jd_monk_shop_lottery.js"
       }
    },
    {
      "name": "京东每日红包雨（由sngxpro代管随缘维护）",
      "type": "cron",
      "time": "1 8-23 * * 1-5",
      "running": true,
      "job": {
        "type": "runjs",
        "target": "https://ghproxy.com/https://raw.githubusercontent.com/sngxpro2/jdliveredrain/main/lxk0301_live_redrain.js"
      }
    },
    {
      "name": "整点京豆雨",
      "type": "cron",
      "time": "1 0,6-23/1 * * *",
      "running": true,
      "job": {
        "type": "runjs",
        "target": "https://gitee.com/zero205/JD_tencent_scf/raw/main/jd_super_redrain.js"
      }
    },
    {
      "name": "半点京豆雨",
      "type": "cron",
      "time": "30 20-23/1 * * *",
      "running": true,
      "job": {
        "type": "runjs",
        "target": "https://gitee.com/zero205/JD_tencent_scf/raw/main/jd_half_redrain.js"
      }
    },
    {
      "name": "幸运大转盘",
      "type": "cron",
      "time": "20 10 * * *",
      "running": true,
      "job": {
        "type": "runjs",
        "target": "https://gitee.com/zero205/JD_tencent_scf/raw/main/jd_market_lottery.js"
      }
    },
    {
      "name": "京东手机狂欢城",
      "type": "cron",
      "time": "0 0-18/6 * * *",
      "running": true,
      "job": {
        "type": "runjs",
        "target": "https://gitee.com/zero205/JD_tencent_scf/raw/main/jd_carnivalcity.js"
      }
    },
    {
      "name": "跳跳乐瓜分京豆",
      "type": "cron",
      "time": "2 0,11,21 * * *",
      "running": true,
      "job": {
        "type": "runjs",
        "target": "https://gitee.com/zero205/JD_tencent_scf/raw/main/jd_jump.js"
      }
    },
    {
      "name": "赢一加新品手机",
      "type": "cron",
      "time": "28 9 * 5,6 *",
      "running": true,
      "job": {
        "type": "runjs",
        "target": "https://gitee.com/zero205/JD_tencent_scf/raw/main/jd_adolf_oneplus.js"
      }
    },
    {
      "name": "618大势新品赏",
      "type": "cron",
      "time": "17 9,20 * 5,6 *",
      "running": true,
      "job": {
        "type": "runjs",
        "target": "https://gitee.com/zero205/JD_tencent_scf/raw/main/jd_adolf_newInteraction.js"
      }
    },
    {
      "name": "京东超级盒子",
      "type": "cron",
      "time": "20 9,20 * 5,6 *",
      "running": true,
      "job": {
        "type": "runjs",
        "target": "https://gitee.com/zero205/JD_tencent_scf/raw/main/jd_adolf_superbox.js"
      }
    },
    {
      "name": "金榜创造营",
      "type": "cron",
      "time": "25 6,22 * * *",
      "running": true,
      "job": {
        "type": "runjs",
        "target": "https://gitee.com/zero205/JD_tencent_scf/raw/main/jd_gold_creator.js"
      }
    },
    {
      "name": "京喜领88元红包",
      "type": "cron",
      "time": "8 10,19 * * *",
      "running": true,
      "job": {
        "type": "runjs",
        "target": "https://gitee.com/zero205/JD_tencent_scf/raw/main/jd_jxlhb.js"
      }
    },
    {
      "name": "新潮品牌狂欢",
      "type": "cron",
      "time": "13 10 * * *",
      "running": true,
      "job": {
        "type": "runjs",
        "target": "https://gitee.com/zero205/JD_tencent_scf/raw/main/jd_mcxhd.js"
      }
    },
    {
      "name": "星店长",
      "type": "cron",
      "time": "26 7,21 * * *",
      "running": true,
      "job": {
        "type": "runjs",
        "target": "https://gitee.com/zero205/JD_tencent_scf/raw/main/jd_star_shop.js"
      }
    },
    {
      "name": "5G超级盲盒",
      "type": "cron",
      "time": "0 0,6-23/3 * * *",
      "running": true,
      "job": {
        "type": "runjs",
        "target": "https://gitee.com/zero205/JD_tencent_scf/raw/main/jd_mohe.js"
      }
    },
    {
      "name": "京东试用",
      "type": "cron",
      "time": "40 8 * * *",
      "running": true,
      "job": {
        "type": "runjs",
        "target": "https://gitee.com/zero205/JD_tencent_scf/raw/main/jd_try.js"
      }
    },
    {
      "name": "超级无线组队分京豆",
      "type": "cron",
      "time": "15 6 * * 2",
      "running": true,
      "job": {
        "type": "runjs",
        "target": "https://gitee.com/zero205/JD_tencent_scf/raw/main/jd_z_shop_captain.js"
      }
    }
  ]
}
